{"stats":{"minecraft:mined":{"minecraft:white_bed":2,"minecraft:oak_sapling":10,"minecraft:jungle_leaves":72,"minecraft:obsidian":4,"minecraft:granite":1,"minecraft:acacia_log":21,"minecraft:grass_block":22,"minecraft:jungle_log":468,"minecraft:raw_iron_block":2,"minecraft:iron_ore":255,"minecraft:cobbled_deepslate":27,"minecraft:pumpkin":10,"minecraft:deepslate_lapis_ore":6,"minecraft:dirt_path":1,"minecraft:deepslate_redstone_ore":33,"minecraft:smoker":1,"minecraft:torch":4,"minecraft:blast_furnace":9,"minecraft:melon":10,"minecraft:chest":4,"minecraft:cobblestone":53,"minecraft:grindstone":1,"minecraft:sugar_cane":184,"minecraft:oak_planks":8,"minecraft:wall_torch":6,"minecraft:acacia_sapling":1,"minecraft:birch_log":133,"minecraft:wheat":50,"minecraft:brown_wall_banner":3,"minecraft:oak_log":1018,"minecraft:beetroots":2,"minecraft:sand":13,"minecraft:dirt":84,"minecraft:oak_leaves":340,"minecraft:deepslate":269,"minecraft:attached_pumpkin_stem":1,"minecraft:yellow_terracotta":1,"minecraft:diamond_ore":1,"minecraft:tuff":11,"minecraft:deepslate_diamond_ore":127,"minecraft:glow_lichen":1,"minecraft:redstone_wire":2,"minecraft:kelp":1,"minecraft:redstone_ore":3,"minecraft:furnace":2,"minecraft:carrots":163,"minecraft:jungle_sapling":1,"minecraft:andesite":6,"minecraft:bell":1,"minecraft:potatoes":170,"minecraft:deepslate_iron_ore":139,"minecraft:cobblestone_slab":1,"minecraft:vine":21,"minecraft:rail":5,"minecraft:stripped_oak_log":4,"minecraft:stone":753,"minecraft:acacia_leaves":1,"minecraft:crafting_table":10,"minecraft:short_grass":37,"minecraft:tall_grass":12,"minecraft:copper_ore":26,"minecraft:deepslate_coal_ore":5,"minecraft:lapis_ore":5,"minecraft:deepslate_gold_ore":71,"minecraft:diorite":6,"minecraft:birch_leaves":56,"minecraft:yellow_bed":3,"minecraft:coal_ore":325,"minecraft:gravel":10,"minecraft:gold_ore":15},"minecraft:used":{"minecraft:writable_book":1,"minecraft:iron_shovel":23,"minecraft:oak_sign":1,"minecraft:chest":13,"minecraft:shield":81,"minecraft:iron_chestplate":1,"minecraft:carrot":185,"minecraft:acacia_sapling":4,"minecraft:tuff":12,"minecraft:axolotl_bucket":1,"minecraft:jungle_sapling":30,"minecraft:lava_bucket":65,"minecraft:birch_sapling":17,"minecraft:iron_helmet":2,"minecraft:bow":182,"minecraft:furnace":3,"minecraft:oak_sapling":193,"minecraft:egg":4,"minecraft:potato":214,"minecraft:diorite":3,"minecraft:stone_pickaxe":132,"minecraft:sugar_cane":5,"minecraft:diamond_axe":817,"minecraft:sand":4,"minecraft:blast_furnace":12,"minecraft:pumpkin_seeds":2,"minecraft:bread":2,"minecraft:gravel":2,"minecraft:diamond_sword":156,"minecraft:grindstone":3,"minecraft:andesite":4,"minecraft:oak_fence":12,"minecraft:armor_stand":1,"minecraft:redstone":2,"minecraft:cooked_chicken":1,"minecraft:torch":524,"minecraft:dirt":172,"minecraft:spyglass":3,"minecraft:anvil":2,"minecraft:granite":1,"minecraft:iron_axe":1048,"minecraft:iron_boots":9,"minecraft:cooked_beef":16,"minecraft:cobbled_deepslate":241,"minecraft:iron_leggings":1,"minecraft:wheat_seeds":39,"minecraft:water_bucket":54,"minecraft:baked_potato":50,"minecraft:birch_boat":1,"minecraft:stonecutter":1,"minecraft:cobblestone_slab":1,"minecraft:crafting_table":11,"minecraft:white_bed":2,"minecraft:smoker":2,"minecraft:oak_log":1,"minecraft:diamond_pickaxe":1935,"minecraft:diamond_shovel":80,"minecraft:iron_pickaxe":104,"minecraft:map":2,"minecraft:stone_axe":146,"minecraft:cobblestone":503,"minecraft:cooked_porkchop":19,"minecraft:bucket":122,"minecraft:yellow_bed":3,"minecraft:dandelion":1},"minecraft:killed_by":{"minecraft:zombie_villager":1},"minecraft:crafted":{"minecraft:grindstone":2,"minecraft:oak_planks":4028,"minecraft:smooth_stone":12,"minecraft:oak_sign":3,"minecraft:birch_boat":1,"minecraft:cooked_chicken":14,"minecraft:stone":9,"minecraft:diamond_shovel":1,"minecraft:cooked_mutton":29,"minecraft:diamond_helmet":2,"minecraft:bow":3,"minecraft:diamond_leggings":2,"minecraft:iron_boots":3,"minecraft:chest":11,"minecraft:oak_button":2,"minecraft:copper_block":7,"minecraft:smoker":1,"minecraft:oak_slab":6,"minecraft:emerald":574,"minecraft:arrow":416,"minecraft:cooked_porkchop":33,"minecraft:diamond_axe":2,"minecraft:crafting_table":3,"minecraft:iron_helmet":2,"minecraft:baked_potato":189,"minecraft:copper_ingot":166,"minecraft:birch_planks":532,"minecraft:diamond_pickaxe":2,"minecraft:iron_chestplate":2,"minecraft:book":68,"minecraft:paper":306,"minecraft:charcoal":25,"minecraft:shield":4,"minecraft:stick":12880,"minecraft:stone_slab":6,"minecraft:iron_ingot":837,"minecraft:iron_pickaxe":1,"minecraft:iron_block":28,"minecraft:gold_ingot":121,"minecraft:raw_iron":18,"minecraft:stone_shovel":1,"minecraft:smooth_stone_slab":6,"minecraft:spyglass":1,"minecraft:furnace":5,"minecraft:blast_furnace":3,"minecraft:iron_axe":6,"minecraft:stone_pickaxe":1,"minecraft:diamond_boots":2,"minecraft:cooked_beef":102,"minecraft:diamond_sword":1,"minecraft:iron_sword":1,"minecraft:bucket":4,"minecraft:stone_axe":2,"minecraft:enchanted_book":15,"minecraft:bread":2,"minecraft:air":0,"minecraft:jungle_planks":1912,"minecraft:golden_apple":14,"minecraft:stonecutter":1,"minecraft:writable_book":1,"minecraft:iron_shovel":2,"minecraft:iron_leggings":2,"minecraft:armor_stand":1,"minecraft:anvil":2,"minecraft:white_bed":1,"minecraft:acacia_planks":84,"minecraft:torch":612,"minecraft:diamond_chestplate":2},"minecraft:picked_up":{"minecraft:iron_chestplate":1,"minecraft:wheat":47,"minecraft:diamond_sword":4,"minecraft:enchanted_book":1,"minecraft:string":18,"minecraft:raw_copper":166,"minecraft:iron_leggings":1,"minecraft:beetroot":2,"minecraft:cobbled_deepslate":299,"minecraft:cobblestone_slab":1,"minecraft:melon_slice":47,"minecraft:furnace":4,"minecraft:iron_boots":1,"minecraft:stick":202,"minecraft:oak_fence":4,"minecraft:torch":47,"minecraft:acacia_log":21,"minecraft:porkchop":36,"minecraft:diorite":3,"minecraft:rotten_flesh":82,"minecraft:armadillo_scute":1,"minecraft:obsidian":5,"minecraft:cobblestone":838,"minecraft:birch_log":133,"minecraft:feather":19,"minecraft:andesite":6,"minecraft:water_bucket":1,"minecraft:jungle_log":475,"minecraft:golden_leggings":1,"minecraft:smoker":1,"minecraft:potato":626,"minecraft:tuff":12,"minecraft:lapis_lazuli":89,"minecraft:dirt":102,"minecraft:bone":57,"minecraft:bow":4,"minecraft:wheat_seeds":160,"minecraft:raw_gold":128,"minecraft:bell":1,"minecraft:grindstone":1,"minecraft:oak_planks":13,"minecraft:cooked_porkchop":28,"minecraft:poisonous_potato":6,"minecraft:sand":9,"minecraft:ink_sac":2,"minecraft:diamond":177,"minecraft:writable_book":1,"minecraft:granite":1,"minecraft:bone_meal":1,"minecraft:oak_sapling":234,"minecraft:diamond_pickaxe":2,"minecraft:crafting_table":11,"minecraft:chicken":14,"minecraft:leather_leggings":1,"minecraft:shield":1,"minecraft:iron_axe":1,"minecraft:beef":83,"minecraft:jungle_sapling":32,"minecraft:light_gray_wool":1,"minecraft:minecart":2,"minecraft:sugar_cane":314,"minecraft:chest":3,"minecraft:birch_sapling":27,"minecraft:egg":9,"minecraft:raw_iron":552,"minecraft:carrot":565,"minecraft:redstone":198,"minecraft:arrow":67,"minecraft:beetroot_seeds":3,"minecraft:yellow_terracotta":1,"minecraft:gold_ingot":4,"minecraft:mutton":38,"minecraft:white_wool":17,"minecraft:rail":5,"minecraft:stripped_oak_log":4,"minecraft:glow_ink_sac":1,"minecraft:leather":60,"minecraft:filled_map":1,"minecraft:oak_log":1047,"minecraft:golden_boots":1,"minecraft:yellow_bed":3,"minecraft:gunpowder":26,"minecraft:apple":34,"minecraft:iron_ingot":18,"minecraft:acacia_sapling":4,"minecraft:book":3,"minecraft:birch_boat":1,"minecraft:pumpkin":10,"minecraft:dandelion":1,"minecraft:raw_iron_block":2,"minecraft:lava_bucket":1,"minecraft:gravel":8,"minecraft:blast_furnace":9,"minecraft:white_bed":3,"minecraft:spider_eye":2,"minecraft:pumpkin_seeds":3,"minecraft:diamond_shovel":1,"minecraft:iron_helmet":1,"minecraft:diamond_axe":1,"minecraft:baked_potato":2,"minecraft:brown_banner":3,"minecraft:coal":474},"minecraft:broken":{"minecraft:stone_pickaxe":1,"minecraft:stone_axe":1,"minecraft:iron_axe":3,"minecraft:iron_pickaxe":1},"minecraft:killed":{"minecraft:spider":12,"minecraft:skeleton":47,"minecraft:chicken":8,"minecraft:pig":10,"minecraft:zombie_villager":3,"minecraft:creeper":21,"minecraft:sheep":18,"minecraft:zombie":70,"minecraft:cow":26,"minecraft:armadillo":1,"minecraft:drowned":2,"minecraft:squid":1},"minecraft:custom":{"minecraft:animals_bred":9,"minecraft:interact_with_crafting_table":115,"minecraft:bell_ring":7,"minecraft:leave_game":6,"minecraft:time_since_death":206005,"minecraft:sprint_one_cm":1326219,"minecraft:damage_blocked_by_shield":4727,"minecraft:drop":154,"minecraft:talked_to_villager":256,"minecraft:play_time":599242,"minecraft:deaths":1,"minecraft:jump":6817,"minecraft:walk_on_water_one_cm":74151,"minecraft:enchant_item":6,"minecraft:interact_with_furnace":44,"minecraft:traded_with_villager":620,"minecraft:sleep_in_bed":30,"minecraft:damage_dealt":24065,"minecraft:crouch_one_cm":89620,"minecraft:interact_with_smoker":64,"minecraft:inspect_dispenser":2,"minecraft:mob_kills":223,"minecraft:interact_with_anvil":23,"minecraft:climb_one_cm":6810,"minecraft:walk_one_cm":1381413,"minecraft:sneak_time":37085,"minecraft:walk_under_water_one_cm":32134,"minecraft:boat_one_cm":22182,"minecraft:interact_with_blast_furnace":185,"minecraft:total_world_time":599242,"minecraft:interact_with_grindstone":3,"minecraft:interact_with_stonecutter":2,"minecraft:time_since_rest":3960,"minecraft:damage_taken":5396,"minecraft:swim_one_cm":72679,"minecraft:fly_one_cm":1119225,"minecraft:open_chest":484,"minecraft:fall_one_cm":122407},"minecraft:dropped":{"minecraft:birch_planks":1,"minecraft:porkchop":3,"minecraft:cooked_beef":4,"minecraft:baked_potato":2,"minecraft:diamond":10,"minecraft:leather":3,"minecraft:rail":5,"minecraft:emerald":6,"minecraft:dirt":23,"minecraft:mutton":9,"minecraft:jungle_sapling":1,"minecraft:bone_meal":1,"minecraft:sand":5,"minecraft:white_wool":7,"minecraft:bone":4,"minecraft:gravel":6,"minecraft:stone_axe":1,"minecraft:sugar_cane":3,"minecraft:cobbled_deepslate":30,"minecraft:wheat":12,"minecraft:birch_sapling":10,"minecraft:beetroot":1,"minecraft:rotten_flesh":82,"minecraft:oak_planks":3,"minecraft:gunpowder":15,"minecraft:beetroot_seeds":2,"minecraft:leather_leggings":1,"minecraft:enchanted_book":1,"minecraft:golden_boots":1,"minecraft:bread":4,"minecraft:wheat_seeds":100,"minecraft:minecart":2,"minecraft:diamond_leggings":1,"minecraft:poisonous_potato":6,"minecraft:yellow_terracotta":1,"minecraft:oak_fence":4,"minecraft:cobblestone":14,"minecraft:stick":1,"minecraft:diamond_helmet":1,"minecraft:armadillo_scute":1,"minecraft:iron_axe":3,"minecraft:iron_shovel":1,"minecraft:paper":3,"minecraft:string":11,"minecraft:redstone":5,"minecraft:furnace":2,"minecraft:stone_shovel":1,"minecraft:light_gray_wool":1,"minecraft:iron_boots":1,"minecraft:pumpkin_seeds":1,"minecraft:filled_map":2,"minecraft:diamond_sword":3,"minecraft:shield":2,"minecraft:oak_button":2,"minecraft:diamond_chestplate":1,"minecraft:diamond_pickaxe":1,"minecraft:andesite":2,"minecraft:golden_leggings":1,"minecraft:oak_sapling":4,"minecraft:spider_eye":2,"minecraft:diamond_boots":1,"minecraft:bow":3}},"DataVersion":3839}