{"stats":{"minecraft:custom":{"minecraft:animals_bred":17,"minecraft:interact_with_crafting_table":204,"minecraft:leave_game":24,"minecraft:time_since_death":684129,"minecraft:sprint_one_cm":3940805,"minecraft:damage_blocked_by_shield":5978,"minecraft:drop":249,"minecraft:talked_to_villager":683,"minecraft:play_time":2124153,"minecraft:deaths":4,"minecraft:jump":26134,"minecraft:walk_on_water_one_cm":137126,"minecraft:interact_with_furnace":146,"minecraft:traded_with_villager":809,"minecraft:sleep_in_bed":78,"minecraft:damage_dealt":30304,"minecraft:crouch_one_cm":58425,"minecraft:interact_with_smoker":27,"minecraft:interact_with_smithing_table":2,"minecraft:inspect_dispenser":6,"minecraft:interact_with_anvil":18,"minecraft:mob_kills":900,"minecraft:climb_one_cm":13042,"minecraft:walk_one_cm":1234726,"minecraft:sneak_time":32197,"minecraft:walk_under_water_one_cm":57926,"minecraft:boat_one_cm":531230,"minecraft:interact_with_blast_furnace":105,"minecraft:total_world_time":2124153,"minecraft:interact_with_grindstone":2,"minecraft:time_since_rest":34911,"minecraft:damage_taken":8806,"minecraft:swim_one_cm":292289,"minecraft:fly_one_cm":5907097,"minecraft:open_chest":818,"minecraft:fish_caught":59,"minecraft:fall_one_cm":728845},"minecraft:killed":{"minecraft:cave_spider":1,"minecraft:spider":4,"minecraft:skeleton":734,"minecraft:chicken":1,"minecraft:axolotl":3,"minecraft:iron_golem":1,"minecraft:creeper":9,"minecraft:sheep":12,"minecraft:donkey":1,"minecraft:zombie":38,"minecraft:cow":46,"minecraft:horse":3,"minecraft:drowned":9,"minecraft:villager":1,"minecraft:enderman":3},"minecraft:picked_up":{"minecraft:iron_chestplate":2,"minecraft:wheat":71,"minecraft:chainmail_boots":2,"minecraft:diamond_sword":5,"minecraft:oak_stairs":228,"minecraft:enchanted_book":2,"minecraft:amethyst_block":1,"minecraft:string":98,"minecraft:raw_copper":44,"minecraft:iron_leggings":1,"minecraft:pufferfish":9,"minecraft:beetroot":4,"minecraft:diamond_leggings":1,"minecraft:cobbled_deepslate":189,"minecraft:bucket":1,"minecraft:redstone_torch":18,"minecraft:cobblestone_slab":34,"minecraft:calcite":10,"minecraft:azalea":1,"minecraft:melon_slice":40,"minecraft:iron_boots":2,"minecraft:furnace":10,"minecraft:golden_helmet":5,"minecraft:stick":201,"minecraft:composter":2,"minecraft:oak_fence":41,"minecraft:torch":142,"minecraft:acacia_log":35,"minecraft:diorite":24,"minecraft:golden_chestplate":5,"minecraft:cauldron":2,"minecraft:rotten_flesh":61,"minecraft:tropical_fish":1,"minecraft:armadillo_scute":4,"minecraft:obsidian":3,"minecraft:cod":37,"minecraft:cobblestone":1258,"minecraft:birch_log":39,"minecraft:enchanting_table":1,"minecraft:magma_block":2,"minecraft:mossy_cobblestone_slab":10,"minecraft:leather_chestplate":2,"minecraft:feather":4,"minecraft:jungle_pressure_plate":2,"minecraft:birch_slab":12,"minecraft:water_bucket":2,"minecraft:andesite":16,"minecraft:jungle_log":1791,"minecraft:golden_leggings":4,"minecraft:smoker":2,"minecraft:potato":605,"minecraft:flint":21,"minecraft:tuff":114,"minecraft:map":3,"minecraft:lapis_lazuli":63,"minecraft:dirt":1739,"minecraft:leather_boots":3,"minecraft:bone":1488,"minecraft:chipped_anvil":2,"minecraft:bow":68,"minecraft:wheat_seeds":225,"minecraft:raw_gold":102,"minecraft:bell":1,"minecraft:fletching_table":2,"minecraft:diamond_helmet":1,"minecraft:powered_rail":15,"minecraft:moss_block":5,"minecraft:oak_planks":312,"minecraft:axolotl_spawn_egg":1,"minecraft:poisonous_potato":4,"minecraft:sand":528,"minecraft:jungle_planks":50,"minecraft:lily_of_the_valley":18,"minecraft:mossy_cobblestone":162,"minecraft:iron_hoe":1,"minecraft:dispenser":1,"minecraft:yellow_carpet":4,"minecraft:diamond":39,"minecraft:granite":83,"minecraft:bone_meal":2,"minecraft:chainmail_helmet":1,"minecraft:emerald":51,"minecraft:bread":1,"minecraft:oak_sapling":204,"minecraft:diamond_pickaxe":1,"minecraft:fishing_rod":1,"minecraft:cocoa_beans":6,"minecraft:crafting_table":7,"minecraft:chicken":1,"minecraft:leather_leggings":4,"minecraft:stone_brick_wall":3,"minecraft:shield":1,"minecraft:cornflower":4,"minecraft:oak_trapdoor":8,"minecraft:moss_carpet":3,"minecraft:iron_axe":2,"minecraft:white_carpet":8,"minecraft:cartography_table":1,"minecraft:mossy_cobblestone_wall":4,"minecraft:beef":97,"minecraft:oak_boat":16,"minecraft:jungle_sapling":110,"minecraft:poppy":2,"minecraft:minecart":37,"minecraft:lectern":200,"minecraft:sugar_cane":357,"minecraft:chest":2,"minecraft:birch_sapling":5,"minecraft:egg":25,"minecraft:raw_iron":981,"minecraft:sandstone":68,"minecraft:oak_door":10,"minecraft:copper_ingot":5,"minecraft:bowl":1,"minecraft:stone_button":1,"minecraft:carrot":321,"minecraft:redstone":121,"minecraft:arrow":1415,"minecraft:diamond_chestplate":1,"minecraft:beetroot_seeds":9,"minecraft:diamond_boots":1,"minecraft:hay_block":77,"minecraft:saddle":3,"minecraft:glow_berries":7,"minecraft:mutton":19,"minecraft:rail":511,"minecraft:white_wool":18,"minecraft:oxeye_daisy":5,"minecraft:stripped_oak_log":21,"minecraft:golden_carrot":55,"minecraft:glow_ink_sac":4,"minecraft:tripwire_hook":1,"minecraft:salmon":11,"minecraft:leather":54,"minecraft:filled_map":1,"minecraft:birch_planks":24,"minecraft:oak_log":990,"minecraft:chainmail_chestplate":1,"minecraft:lily_pad":17,"minecraft:cobblestone_wall":18,"minecraft:golden_boots":3,"minecraft:yellow_bed":5,"minecraft:gunpowder":13,"minecraft:cobblestone_stairs":70,"minecraft:apple":28,"minecraft:kelp":1,"minecraft:spore_blossom":8,"minecraft:iron_ingot":65,"minecraft:oak_fence_gate":5,"minecraft:stone_pickaxe":6,"minecraft:iron_sword":1,"minecraft:acacia_sapling":6,"minecraft:book":30,"minecraft:oak_slab":41,"minecraft:smooth_basalt":2,"minecraft:pumpkin":126,"minecraft:dandelion":29,"minecraft:raw_iron_block":8,"minecraft:gravel":98,"minecraft:amethyst_shard":4,"minecraft:blast_furnace":4,"minecraft:white_bed":13,"minecraft:spruce_log":3,"minecraft:spider_eye":2,"minecraft:leather_helmet":2,"minecraft:stripped_jungle_log":18,"minecraft:diamond_shovel":1,"minecraft:pumpkin_seeds":1,"minecraft:chainmail_leggings":1,"minecraft:iron_helmet":1,"minecraft:diamond_axe":1,"minecraft:mossy_cobblestone_stairs":25,"minecraft:damaged_anvil":2,"minecraft:coal":688,"minecraft:ender_pearl":2},"minecraft:broken":{"minecraft:iron_shovel":1,"minecraft:stone_axe":2,"minecraft:fishing_rod":1,"minecraft:stone_shovel":1,"minecraft:shield":1,"minecraft:diamond_axe":1,"minecraft:iron_axe":2,"minecraft:iron_pickaxe":3},"minecraft:mined":{"minecraft:oak_sapling":9,"minecraft:white_bed":13,"minecraft:cobblestone_stairs":67,"minecraft:jungle_leaves":111,"minecraft:obsidian":3,"minecraft:cave_vines_plant":2,"minecraft:granite":48,"minecraft:stone_brick_wall":3,"minecraft:acacia_log":35,"minecraft:grass_block":809,"minecraft:yellow_carpet":2,"minecraft:jungle_log":1807,"minecraft:oak_pressure_plate":1,"minecraft:composter":2,"minecraft:oxeye_daisy":1,"minecraft:tall_seagrass":3,"minecraft:raw_iron_block":8,"minecraft:magma_block":3,"minecraft:mossy_cobblestone_slab":10,"minecraft:mossy_cobblestone_stairs":25,"minecraft:iron_ore":366,"minecraft:cobbled_deepslate":3,"minecraft:pumpkin":127,"minecraft:deepslate_lapis_ore":6,"minecraft:fletching_table":2,"minecraft:enchanting_table":1,"minecraft:cave_vines":1,"minecraft:water_cauldron":3,"minecraft:dirt_path":90,"minecraft:small_amethyst_bud":1,"minecraft:oak_stairs":230,"minecraft:jungle_pressure_plate":1,"minecraft:azalea":1,"minecraft:deepslate_redstone_ore":19,"minecraft:smoker":2,"minecraft:amethyst_cluster":1,"minecraft:torch":16,"minecraft:blast_furnace":4,"minecraft:mossy_cobblestone_wall":4,"minecraft:calcite":10,"minecraft:melon":10,"minecraft:chest":4,"minecraft:glass":15,"minecraft:cobblestone":504,"minecraft:damaged_anvil":2,"minecraft:oak_planks":233,"minecraft:sugar_cane":209,"minecraft:wall_torch":27,"minecraft:amethyst_block":1,"minecraft:seagrass":1,"minecraft:acacia_sapling":1,"minecraft:powered_rail":13,"minecraft:dark_oak_slab":1,"minecraft:birch_log":39,"minecraft:wheat":42,"minecraft:pumpkin_stem":1,"minecraft:oak_log":891,"minecraft:beetroots":3,"minecraft:oak_fence_gate":2,"minecraft:sand":546,"minecraft:dirt":822,"minecraft:smooth_basalt":2,"minecraft:dispenser":1,"minecraft:oak_leaves":236,"minecraft:deepslate":199,"minecraft:attached_pumpkin_stem":1,"minecraft:tuff":222,"minecraft:mossy_cobblestone":135,"minecraft:deepslate_diamond_ore":21,"minecraft:oak_door":4,"minecraft:stone_button":1,"minecraft:jungle_planks":8,"minecraft:birch_slab":11,"minecraft:kelp":1,"minecraft:cartography_table":1,"minecraft:moss_block":4,"minecraft:sandstone":68,"minecraft:hay_block":63,"minecraft:spore_blossom":8,"minecraft:redstone_ore":7,"minecraft:oak_trapdoor":8,"minecraft:furnace":10,"minecraft:carrots":72,"minecraft:jungle_sapling":7,"minecraft:andesite":18,"minecraft:bell":1,"minecraft:bookshelf":10,"minecraft:potatoes":133,"minecraft:cobblestone_slab":24,"minecraft:deepslate_iron_ore":437,"minecraft:vine":140,"minecraft:rail":492,"minecraft:stripped_oak_log":21,"minecraft:stripped_jungle_log":18,"minecraft:stone":747,"minecraft:white_wool":2,"minecraft:redstone_wall_torch":2,"minecraft:oak_slab":35,"minecraft:acacia_leaves":4,"minecraft:flowering_azalea":1,"minecraft:glass_pane":15,"minecraft:lily_of_the_valley":19,"minecraft:dandelion":6,"minecraft:oak_fence":43,"minecraft:crafting_table":7,"minecraft:short_grass":411,"minecraft:lectern":200,"minecraft:copper_ore":12,"minecraft:tall_grass":46,"minecraft:deepslate_coal_ore":6,"minecraft:lapis_ore":4,"minecraft:deepslate_gold_ore":48,"minecraft:lily_pad":16,"minecraft:diorite":22,"minecraft:blue_bed":1,"minecraft:birch_planks":24,"minecraft:cobblestone_wall":18,"minecraft:redstone_torch":11,"minecraft:white_carpet":2,"minecraft:spruce_log":3,"minecraft:birch_leaves":8,"minecraft:yellow_bed":6,"minecraft:coal_ore":435,"minecraft:gravel":46,"minecraft:cobweb":47,"minecraft:small_dripleaf":1,"minecraft:gold_ore":38,"minecraft:chipped_anvil":2,"minecraft:fern":31},"minecraft:crafted":{"minecraft:grindstone":1,"minecraft:smooth_stone":8,"minecraft:oak_planks":2676,"minecraft:cobblestone_slab":36,"minecraft:birch_slab":24,"minecraft:stone":36,"minecraft:cobblestone_stairs":44,"minecraft:diamond_shovel":5,"minecraft:bookshelf":12,"minecraft:cooked_mutton":6,"minecraft:suspicious_stew":5,"minecraft:glass":64,"minecraft:bow":6,"minecraft:iron_boots":2,"minecraft:melon_seeds":11,"minecraft:mossy_cobblestone_slab":12,"minecraft:chest":17,"minecraft:rail":288,"minecraft:stone_hoe":2,"minecraft:stone_bricks":8,"minecraft:raw_iron_block":70,"minecraft:smoker":1,"minecraft:oak_slab":204,"minecraft:emerald":716,"minecraft:arrow":192,"minecraft:diamond_axe":4,"minecraft:crafting_table":30,"minecraft:spruce_planks":12,"minecraft:iron_helmet":2,"minecraft:wooden_pickaxe":1,"minecraft:baked_potato":60,"minecraft:jungle_pressure_plate":1,"minecraft:brush":1,"minecraft:smithing_table":1,"minecraft:copper_ingot":3,"minecraft:fletching_table":3,"minecraft:hay_block":1,"minecraft:pumpkin_seeds":12,"minecraft:birch_planks":140,"minecraft:dispenser":1,"minecraft:apple":4,"minecraft:lectern":8,"minecraft:iron_chestplate":2,"minecraft:book":40,"minecraft:paper":300,"minecraft:diamond_pickaxe":3,"minecraft:shield":3,"minecraft:stone_slab":6,"minecraft:stick":18592,"minecraft:iron_ingot":793,"minecraft:iron_pickaxe":4,"minecraft:iron_block":6,"minecraft:gold_ingot":64,"minecraft:redstone_torch":17,"minecraft:shears":1,"minecraft:golden_carrot":75,"minecraft:cookie":72,"minecraft:raw_iron":702,"minecraft:stone_shovel":2,"minecraft:stone_brick_wall":6,"minecraft:iron_nugget":36,"minecraft:spyglass":2,"minecraft:furnace":9,"minecraft:stone_button":1,"minecraft:blast_furnace":2,"minecraft:mossy_cobblestone_stairs":24,"minecraft:bone_meal":30,"minecraft:white_carpet":6,"minecraft:oak_trapdoor":4,"minecraft:flint_and_steel":1,"minecraft:lantern":4,"minecraft:iron_axe":4,"minecraft:iron_hoe":1,"minecraft:stone_pickaxe":11,"minecraft:cobblestone_wall":24,"minecraft:spruce_boat":1,"minecraft:jungle_fence":6,"minecraft:minecart":11,"minecraft:wheat":554,"minecraft:cooked_beef":43,"minecraft:cooked_cod":37,"minecraft:diamond_sword":2,"minecraft:enchanting_table":1,"minecraft:powered_rail":30,"minecraft:iron_sword":2,"minecraft:bucket":10,"minecraft:stone_axe":2,"minecraft:enchanted_book":21,"minecraft:jungle_slab":6,"minecraft:mossy_cobblestone_wall":24,"minecraft:bread":30,"minecraft:air":0,"minecraft:jungle_planks":6876,"minecraft:oak_boat":16,"minecraft:white_wool":6,"minecraft:gold_nugget":9,"minecraft:oak_stairs":4,"minecraft:iron_shovel":2,"minecraft:iron_leggings":2,"minecraft:anvil":2,"minecraft:acacia_planks":140,"minecraft:torch":940},"minecraft:dropped":{"minecraft:iron_sword":3,"minecraft:moss_block":5,"minecraft:oak_log":41,"minecraft:glow_ink_sac":1,"minecraft:diamond":3,"minecraft:jungle_planks":40,"minecraft:rail":45,"minecraft:cobblestone_stairs":3,"minecraft:emerald":24,"minecraft:cornflower":2,"minecraft:mutton":12,"minecraft:axolotl_bucket":1,"minecraft:white_wool":8,"minecraft:cauldron":2,"minecraft:bone":23,"minecraft:oak_door":6,"minecraft:gravel":34,"minecraft:stone_axe":1,"minecraft:sugar_cane":8,"minecraft:golden_chestplate":1,"minecraft:wheat":11,"minecraft:rotten_flesh":8,"minecraft:oak_planks":74,"minecraft:carrot":139,"minecraft:poppy":1,"minecraft:oak_fence_gate":2,"minecraft:leather_boots":1,"minecraft:arrow":2,"minecraft:beef":10,"minecraft:axolotl_spawn_egg":2,"minecraft:egg":1,"minecraft:iron_ingot":71,"minecraft:stone_hoe":1,"minecraft:enchanted_book":1,"minecraft:golden_boots":1,"minecraft:oak_slab":13,"minecraft:wheat_seeds":52,"minecraft:mossy_cobblestone":28,"minecraft:minecart":1,"minecraft:oak_fence":1,"minecraft:cobblestone":45,"minecraft:book":3,"minecraft:granite":1,"minecraft:yellow_carpet":4,"minecraft:stick":13,"minecraft:oxeye_daisy":1,"minecraft:jungle_slab":5,"minecraft:diorite":3,"minecraft:torch":11,"minecraft:map":3,"minecraft:golden_hoe":1,"minecraft:iron_axe":3,"minecraft:string":46,"minecraft:dandelion":2,"minecraft:redstone":63,"minecraft:jungle_pressure_plate":1,"minecraft:furnace":2,"minecraft:moss_carpet":3,"minecraft:oak_trapdoor":2,"minecraft:cobblestone_wall":1,"minecraft:cocoa_beans":3,"minecraft:bowl":1,"minecraft:tuff":13,"minecraft:raw_iron":32,"minecraft:white_carpet":6,"minecraft:stripped_oak_log":1,"minecraft:stone_slab":5,"minecraft:shears":1,"minecraft:flint_and_steel":1,"minecraft:filled_map":1,"minecraft:diamond_sword":4,"minecraft:potato":157,"minecraft:cobblestone_slab":6,"minecraft:andesite":6,"minecraft:golden_leggings":1,"minecraft:oak_sapling":2,"minecraft:spider_eye":1,"minecraft:bow":6,"minecraft:stone_pickaxe":17,"minecraft:wooden_pickaxe":1,"minecraft:magma_block":1},"minecraft:used":{"minecraft:beetroot":3,"minecraft:iron_shovel":291,"minecraft:dispenser":2,"minecraft:shield":67,"minecraft:axolotl_spawn_egg":2,"minecraft:chest":19,"minecraft:iron_sword":407,"minecraft:iron_chestplate":2,"minecraft:jungle_planks":8,"minecraft:carrot":207,"minecraft:jungle_slab":1,"minecraft:acacia_sapling":6,"minecraft:tuff":2,"minecraft:axolotl_bucket":28,"minecraft:spruce_boat":1,"minecraft:jungle_sapling":96,"minecraft:glass":27,"minecraft:lantern":1,"minecraft:birch_sapling":2,"minecraft:iron_helmet":1,"minecraft:mossy_cobblestone_slab":19,"minecraft:magma_block":1,"minecraft:bow":5,"minecraft:hay_block":1,"minecraft:oak_sapling":146,"minecraft:furnace":14,"minecraft:cooked_cod":40,"minecraft:beetroot_seeds":8,"minecraft:egg":11,"minecraft:potato":136,"minecraft:damaged_anvil":2,"minecraft:diorite":8,"minecraft:stone_pickaxe":88,"minecraft:powered_rail":29,"minecraft:oak_planks":114,"minecraft:jungle_fence":1,"minecraft:ender_pearl":1,"minecraft:wooden_pickaxe":4,"minecraft:sandstone":2,"minecraft:jungle_pressure_plate":1,"minecraft:composter":2,"minecraft:sugar_cane":40,"minecraft:diamond_axe":3254,"minecraft:cookie":27,"minecraft:glow_berries":1,"minecraft:white_wool":2,"minecraft:golden_hoe":11,"minecraft:sand":50,"minecraft:blast_furnace":6,"minecraft:stone_brick_wall":3,"minecraft:shears":1,"minecraft:pumpkin_seeds":13,"minecraft:redstone_torch":34,"minecraft:stone_button":2,"minecraft:birch_slab":12,"minecraft:bread":46,"minecraft:lectern":207,"minecraft:gravel":2,"minecraft:diamond_sword":98,"minecraft:grindstone":1,"minecraft:smithing_table":1,"minecraft:andesite":3,"minecraft:birch_log":4,"minecraft:mossy_cobblestone_wall":20,"minecraft:oak_boat":22,"minecraft:oak_fence":10,"minecraft:oak_trapdoor":6,"minecraft:bone_meal":23,"minecraft:enchanting_table":2,"minecraft:flint_and_steel":1,"minecraft:stone_shovel":181,"minecraft:stone_hoe":61,"minecraft:oak_door":1,"minecraft:torch":1045,"minecraft:spyglass":68,"minecraft:dirt":1029,"minecraft:anvil":2,"minecraft:wheat":2,"minecraft:white_carpet":4,"minecraft:cobblestone_wall":38,"minecraft:granite":4,"minecraft:oak_fence_gate":2,"minecraft:mossy_cobblestone_stairs":48,"minecraft:iron_hoe":23,"minecraft:chipped_anvil":2,"minecraft:bookshelf":4,"minecraft:iron_axe":787,"minecraft:oak_stairs":31,"minecraft:jungle_log":57,"minecraft:iron_boots":1,"minecraft:melon_seeds":11,"minecraft:smooth_basalt":1,"minecraft:golden_carrot":24,"minecraft:minecart":30,"minecraft:cooked_beef":11,"minecraft:cobbled_deepslate":116,"minecraft:iron_leggings":1,"minecraft:calcite":1,"minecraft:water_bucket":88,"minecraft:wheat_seeds":92,"minecraft:cooked_mutton":6,"minecraft:amethyst_block":1,"minecraft:cobblestone_stairs":111,"minecraft:birch_planks":24,"minecraft:baked_potato":124,"minecraft:fletching_table":5,"minecraft:glow_ink_sac":1,"minecraft:cobblestone_slab":51,"minecraft:mossy_cobblestone":65,"minecraft:rail":668,"minecraft:crafting_table":36,"minecraft:oak_slab":182,"minecraft:white_bed":11,"minecraft:smoker":3,"minecraft:oak_log":163,"minecraft:diamond_pickaxe":3313,"minecraft:apple":28,"minecraft:oxeye_daisy":3,"minecraft:diamond_shovel":1632,"minecraft:stripped_jungle_log":13,"minecraft:iron_pickaxe":898,"minecraft:suspicious_stew":5,"minecraft:stone_axe":210,"minecraft:fishing_rod":93,"minecraft:cobblestone":591,"minecraft:bucket":124,"minecraft:yellow_bed":5,"minecraft:dandelion":1},"minecraft:killed_by":{"minecraft:zombie":1,"minecraft:skeleton":1}},"DataVersion":3839}