{"stats":{"minecraft:dropped":{"minecraft:wheat_seeds":4},"minecraft:custom":{"minecraft:jump":125,"minecraft:time_since_rest":3646,"minecraft:leave_game":2,"minecraft:play_time":3646,"minecraft:sprint_one_cm":7916,"minecraft:time_since_death":3646,"minecraft:walk_one_cm":668,"minecraft:total_world_time":3646,"minecraft:fall_one_cm":4853,"minecraft:drop":3,"minecraft:fly_one_cm":24943},"minecraft:picked_up":{"minecraft:wheat_seeds":4,"minecraft:dirt":1},"minecraft:mined":{"minecraft:short_grass":9,"minecraft:grass_block":1},"minecraft:used":{"minecraft:dirt":1}},"DataVersion":3839}